{
  "project_info": {
    "project_number": "351405770835",
    "firebase_url": "https://casarao-96dfd.firebaseio.com",
    "project_id": "casarao-96dfd",
    "storage_bucket": "casarao-96dfd.appspot.com"
  },
  "client": [
    {
      "client_info": {
        "mobilesdk_app_id": "1:351405770835:android:53f62228a39b8d59a1dea6",
        "android_client_info": {
          "package_name": "com.example.casaro"
        }
      },
      "oauth_client": [
        {
          "client_id": "351405770835-fnfqm3t9ksdm2g6ku11defsp7ktktvke.apps.googleusercontent.com",
          "client_type": 1,
          "android_info": {
            "package_name": "com.example.casaro",
            "certificate_hash": "6397e1b2833aa10c1c87c0fc71603d816c32f281"
          }
        },
        {
          "client_id": "351405770835-4qvn2hl5p1m06ha8fuo8jt2d24h59q49.apps.googleusercontent.com",
          "client_type": 3
        }
      ],
      "api_key": [
        {
          "current_key": "AIzaSyAtLTnqEF3gFoHczq1QxAlipXwz9dsWlAc"
        }
      ],
      "services": {
        "appinvite_service": {
          "other_platform_oauth_client": [
            {
              "client_id": "351405770835-4qvn2hl5p1m06ha8fuo8jt2d24h59q49.apps.googleusercontent.com",
              "client_type": 3
            }
          ]
        }
      }
    }
  ],
  "configuration_version": "1"
}